feature,impurity_importance
absences,0.093238
failures,0.090162
goout,0.057082
age,0.051445
health,0.045899
Fedu,0.041393
Walc,0.04043
Medu,0.040045
famrel,0.037981
freetime,0.033345
studytime,0.031128
Dalc,0.026582
sex_M,0.024858
reason_course,0.023231
famsup_yes,0.023141
schoolsup_yes,0.021546
romantic_yes,0.020394
Fjob_services,0.019389
traveltime,0.018155
Mjob_services,0.01784
famsize_LE3,0.017632
activities_yes,0.017579
paid_yes,0.016926
guardian_father,0.015255
address_U,0.014735
Fjob_other,0.01427
Mjob_other,0.014094
reason_reputation,0.013282
guardian_mother,0.012377
reason_home,0.011891
nursery_yes,0.011411
internet_yes,0.011105
Mjob_at_home,0.010091
Pstatus_T,0.009998
Mjob_teacher,0.009088
guardian_other,0.008471
school_MS,0.008333
Mjob_health,0.006217
higher_yes,0.005986
reason_other,0.005315
Fjob_teacher,0.004236
Fjob_health,0.003102
Fjob_at_home,0.001323
